"MAT_ALU_MATRICULA","MAT_TUR_DIS_DISCIPLINA","DISCIPLINA","MAT_TUR_ANO","MAT_TUR_PERIODO","MAT_MEDIA_FINAL"
"25f1b1556c02dca1f8671f143f282a72",1109103,"Cálculo Diferencial e Integral I",2016,1,NA
"25f1b1556c02dca1f8671f143f282a72",1109035,"Álgebra Vetorial e Geometria Analítica",2016,1,NA
"25f1b1556c02dca1f8671f143f282a72",1307151,"Leitura e Produção de Textos",2016,1,NA
"19191a02edd8cd019d59b4c9f3ef8af4",1411174,"Introdução à Computação",2016,1,7
"19191a02edd8cd019d59b4c9f3ef8af4",1411180,"Laboratório de Programação I",2016,1,5
"19191a02edd8cd019d59b4c9f3ef8af4",1109035,"Álgebra Vetorial e Geometria Analítica",2016,1,5.4
"357d93e31ac9d3f6a2eb59ffa96c9651",1307151,"Leitura e Produção de Textos",2016,1,9.5
"054adfd061165d98ace0ca50828e8e18",1109035,"Álgebra Vetorial e Geometria Analítica",2016,1,5
"054adfd061165d98ace0ca50828e8e18",1307151,"Leitura e Produção de Textos",2016,1,7.3
"054adfd061165d98ace0ca50828e8e18",1411167,"Programação I",2016,1,5.1
"054adfd061165d98ace0ca50828e8e18",1411174,"Introdução à Computação",2016,1,7
"054adfd061165d98ace0ca50828e8e18",1411180,"Laboratório de Programação I",2016,1,6
"357d93e31ac9d3f6a2eb59ffa96c9651",1109103,"Cálculo Diferencial e Integral I",2016,1,8.7
"8fd7d13ede1780662df4643fe408dd5a",1411167,"Programação I",2016,1,9.9
"8fd7d13ede1780662df4643fe408dd5a",1411174,"Introdução à Computação",2016,1,9.3
"8fd7d13ede1780662df4643fe408dd5a",1411180,"Laboratório de Programação I",2016,1,9.9
"357d93e31ac9d3f6a2eb59ffa96c9651",1411167,"Programação I",2016,1,9.4
"357d93e31ac9d3f6a2eb59ffa96c9651",1411174,"Introdução à Computação",2016,1,7.7
"357d93e31ac9d3f6a2eb59ffa96c9651",1411180,"Laboratório de Programação I",2016,1,9.4
"8fd7d13ede1780662df4643fe408dd5a",1109035,"Álgebra Vetorial e Geometria Analítica",2016,1,8.2
"8fd7d13ede1780662df4643fe408dd5a",1109103,"Cálculo Diferencial e Integral I",2016,1,8.3
"19191a02edd8cd019d59b4c9f3ef8af4",1307151,"Leitura e Produção de Textos",2016,1,7
"19191a02edd8cd019d59b4c9f3ef8af4",1411167,"Programação I",2016,1,5
"e994e0c371fd934ae467e2f79989c19e",1411167,"Programação I",2016,1,7.9
"e994e0c371fd934ae467e2f79989c19e",1411180,"Laboratório de Programação I",2016,1,7.9
"e994e0c371fd934ae467e2f79989c19e",1411174,"Introdução à Computação",2016,1,7.1
"e994e0c371fd934ae467e2f79989c19e",1307151,"Leitura e Produção de Textos",2016,1,9.1
"e994e0c371fd934ae467e2f79989c19e",1109035,"Álgebra Vetorial e Geometria Analítica",2016,1,5
"f6dee580b04d9fa2444ba38bdd4191fb",1109035,"Álgebra Vetorial e Geometria Analítica",2016,1,3.3
"f6dee580b04d9fa2444ba38bdd4191fb",1109103,"Cálculo Diferencial e Integral I",2016,1,3.8
"f6dee580b04d9fa2444ba38bdd4191fb",1307151,"Leitura e Produção de Textos",2016,1,9.3
"f6dee580b04d9fa2444ba38bdd4191fb",1411167,"Programação I",2016,1,9.2
"f6dee580b04d9fa2444ba38bdd4191fb",1411174,"Introdução à Computação",2016,1,7
"8c3dbb680e0048b3c3ba7cd3b26c2235",1109035,"Álgebra Vetorial e Geometria Analítica",2016,1,NA
"8c3dbb680e0048b3c3ba7cd3b26c2235",1109103,"Cálculo Diferencial e Integral I",2016,1,4.1
"8c3dbb680e0048b3c3ba7cd3b26c2235",1307151,"Leitura e Produção de Textos",2016,1,8
"8c3dbb680e0048b3c3ba7cd3b26c2235",1411167,"Programação I",2016,1,NA
"8c3dbb680e0048b3c3ba7cd3b26c2235",1411174,"Introdução à Computação",2016,1,5.5
"8c3dbb680e0048b3c3ba7cd3b26c2235",1411180,"Laboratório de Programação I",2016,1,4.4
"9db056195fc68605476feb6954c67aaa",1109035,"Álgebra Vetorial e Geometria Analítica",2016,1,NA
"9db056195fc68605476feb6954c67aaa",1109103,"Cálculo Diferencial e Integral I",2016,1,5.2
"9db056195fc68605476feb6954c67aaa",1411167,"Programação I",2016,1,5
"9db056195fc68605476feb6954c67aaa",1411174,"Introdução à Computação",2016,1,7.7
"9db056195fc68605476feb6954c67aaa",1411180,"Laboratório de Programação I",2016,1,5
"0a4c7d73f0c3a76dc958ec92398672c0",1109035,"Álgebra Vetorial e Geometria Analítica",2016,1,NA
"0a4c7d73f0c3a76dc958ec92398672c0",1109103,"Cálculo Diferencial e Integral I",2016,1,0.2
"0a4c7d73f0c3a76dc958ec92398672c0",1411167,"Programação I",2016,1,5.1
"0a4c7d73f0c3a76dc958ec92398672c0",1411174,"Introdução à Computação",2016,1,4.1
"e12a833c1c9e8b1e3b157893bb395779",1411167,"Programação I",2016,1,9.3
"e12a833c1c9e8b1e3b157893bb395779",1411174,"Introdução à Computação",2016,1,8.6
"e12a833c1c9e8b1e3b157893bb395779",1411180,"Laboratório de Programação I",2016,1,9.3
"3968e7582fcc2bbf6474e5b4c8e42916",1109035,"Álgebra Vetorial e Geometria Analítica",2016,1,5
"3968e7582fcc2bbf6474e5b4c8e42916",1109103,"Cálculo Diferencial e Integral I",2016,1,5.5
"3968e7582fcc2bbf6474e5b4c8e42916",1411174,"Introdução à Computação",2016,1,8.1
"3968e7582fcc2bbf6474e5b4c8e42916",1411180,"Laboratório de Programação I",2016,1,9
"3968e7582fcc2bbf6474e5b4c8e42916",1411167,"Programação I",2016,1,9
"b46c26b5f65269bcbb285c454777655a",1109035,"Álgebra Vetorial e Geometria Analítica",2016,1,6
"b46c26b5f65269bcbb285c454777655a",1109103,"Cálculo Diferencial e Integral I",2016,1,5.7
"b46c26b5f65269bcbb285c454777655a",1411167,"Programação I",2016,1,6.7
"b46c26b5f65269bcbb285c454777655a",1411174,"Introdução à Computação",2016,1,5.8
"b46c26b5f65269bcbb285c454777655a",1411180,"Laboratório de Programação I",2016,1,6.6
"b46c26b5f65269bcbb285c454777655a",1307151,"Leitura e Produção de Textos",2016,1,8.9
"472c95439b5d3d2c531ed2f1c91c692a",1109035,"Álgebra Vetorial e Geometria Analítica",2016,1,8.3
"472c95439b5d3d2c531ed2f1c91c692a",1109103,"Cálculo Diferencial e Integral I",2016,1,8.5
"472c95439b5d3d2c531ed2f1c91c692a",1307151,"Leitura e Produção de Textos",2016,1,10
"472c95439b5d3d2c531ed2f1c91c692a",1411167,"Programação I",2016,1,8.8
"472c95439b5d3d2c531ed2f1c91c692a",1411174,"Introdução à Computação",2016,1,9
"472c95439b5d3d2c531ed2f1c91c692a",1411180,"Laboratório de Programação I",2016,1,8.8
"05700dfed010f75cc4c77d972f12554b",1109035,"Álgebra Vetorial e Geometria Analítica",2016,1,NA
"05700dfed010f75cc4c77d972f12554b",1307151,"Leitura e Produção de Textos",2016,1,NA
"05700dfed010f75cc4c77d972f12554b",1411167,"Programação I",2016,1,NA
"05700dfed010f75cc4c77d972f12554b",1411174,"Introdução à Computação",2016,1,3.3
"d36ddde658dc6167e43d6d5ea1d12c81",1109035,"Álgebra Vetorial e Geometria Analítica",2016,1,6.4
"d36ddde658dc6167e43d6d5ea1d12c81",1109103,"Cálculo Diferencial e Integral I",2016,1,9.5
"d36ddde658dc6167e43d6d5ea1d12c81",1307151,"Leitura e Produção de Textos",2016,1,9.7
"d36ddde658dc6167e43d6d5ea1d12c81",1411167,"Programação I",2016,1,9.8
"d36ddde658dc6167e43d6d5ea1d12c81",1411174,"Introdução à Computação",2016,1,8.2
"d36ddde658dc6167e43d6d5ea1d12c81",1411180,"Laboratório de Programação I",2016,1,9.8
"d44298e502ccea7844576b5116c0d22b",1109103,"Cálculo Diferencial e Integral I",2016,1,NA
"d44298e502ccea7844576b5116c0d22b",1411167,"Programação I",2016,1,2.8
"d44298e502ccea7844576b5116c0d22b",1411174,"Introdução à Computação",2016,1,2.6
"f19ef337e5e065ff0637c90e80b4761a",1109035,"Álgebra Vetorial e Geometria Analítica",2016,1,6.2
"f19ef337e5e065ff0637c90e80b4761a",1109103,"Cálculo Diferencial e Integral I",2016,1,5.8
"f19ef337e5e065ff0637c90e80b4761a",1307151,"Leitura e Produção de Textos",2016,1,7.3
"f19ef337e5e065ff0637c90e80b4761a",1411174,"Introdução à Computação",2016,1,8.2
"f19ef337e5e065ff0637c90e80b4761a",1411167,"Programação I",2016,1,8.8
"f19ef337e5e065ff0637c90e80b4761a",1411180,"Laboratório de Programação I",2016,1,8.8
"0450a6ff239bb963d601e244d00227ab",1109035,"Álgebra Vetorial e Geometria Analítica",2016,1,5
"0450a6ff239bb963d601e244d00227ab",1109103,"Cálculo Diferencial e Integral I",2016,1,6.7
"0450a6ff239bb963d601e244d00227ab",1307151,"Leitura e Produção de Textos",2016,1,9.3
"0450a6ff239bb963d601e244d00227ab",1411167,"Programação I",2016,1,9.7
"0450a6ff239bb963d601e244d00227ab",1411174,"Introdução à Computação",2016,1,7
"0450a6ff239bb963d601e244d00227ab",1411180,"Laboratório de Programação I",2016,1,9.7
"80f94773c358b71ed6642e5a18e44c5f",1109035,"Álgebra Vetorial e Geometria Analítica",2016,1,6.1
"80f94773c358b71ed6642e5a18e44c5f",1109103,"Cálculo Diferencial e Integral I",2016,1,8.3
"80f94773c358b71ed6642e5a18e44c5f",1307151,"Leitura e Produção de Textos",2016,1,7
"80f94773c358b71ed6642e5a18e44c5f",1411167,"Programação I",2016,1,8.8
"80f94773c358b71ed6642e5a18e44c5f",1411174,"Introdução à Computação",2016,1,8.2
"80f94773c358b71ed6642e5a18e44c5f",1411180,"Laboratório de Programação I",2016,1,8.8
"521d0e896e03cd5f438305c3e9f74110",1109035,"Álgebra Vetorial e Geometria Analítica",2016,1,NA
"521d0e896e03cd5f438305c3e9f74110",1109103,"Cálculo Diferencial e Integral I",2016,1,0.2
"521d0e896e03cd5f438305c3e9f74110",1411167,"Programação I",2016,1,3.4
"521d0e896e03cd5f438305c3e9f74110",1411174,"Introdução à Computação",2016,1,2
"521d0e896e03cd5f438305c3e9f74110",1411180,"Laboratório de Programação I",2016,1,3.4
"5033a13a329fd83fd1d5893cb24f7f65",1109035,"Álgebra Vetorial e Geometria Analítica",2016,1,8.5
"5033a13a329fd83fd1d5893cb24f7f65",1109103,"Cálculo Diferencial e Integral I",2016,1,8.4
"5033a13a329fd83fd1d5893cb24f7f65",1411167,"Programação I",2016,1,9.1
"5033a13a329fd83fd1d5893cb24f7f65",1411174,"Introdução à Computação",2016,1,8.6
"5033a13a329fd83fd1d5893cb24f7f65",1411180,"Laboratório de Programação I",2016,1,9.1
"2a9376733bd3ac6fe755e676b0c9401a",1109035,"Álgebra Vetorial e Geometria Analítica",2016,1,9.7
"2a9376733bd3ac6fe755e676b0c9401a",1109103,"Cálculo Diferencial e Integral I",2016,1,9.8
"2a9376733bd3ac6fe755e676b0c9401a",1411167,"Programação I",2016,1,9
"2a9376733bd3ac6fe755e676b0c9401a",1411174,"Introdução à Computação",2016,1,8.9
"2a9376733bd3ac6fe755e676b0c9401a",1411180,"Laboratório de Programação I",2016,1,9
"95b7657cf83af71538a27cec0fe7aae1",1109035,"Álgebra Vetorial e Geometria Analítica",2016,1,NA
"95b7657cf83af71538a27cec0fe7aae1",1109103,"Cálculo Diferencial e Integral I",2016,1,1
"95b7657cf83af71538a27cec0fe7aae1",1411167,"Programação I",2016,1,7.2
"95b7657cf83af71538a27cec0fe7aae1",1411174,"Introdução à Computação",2016,1,8.1
"349ae9fe343eac46648c5b6114cc2e38",1411167,"Programação I",2016,1,5.5
"349ae9fe343eac46648c5b6114cc2e38",1411174,"Introdução à Computação",2016,1,8.1
"349ae9fe343eac46648c5b6114cc2e38",1411180,"Laboratório de Programação I",2016,1,5.5
"349ae9fe343eac46648c5b6114cc2e38",1109035,"Álgebra Vetorial e Geometria Analítica",2016,1,7
"349ae9fe343eac46648c5b6114cc2e38",1109103,"Cálculo Diferencial e Integral I",2016,1,7
"1457bf4b526e3ae16c01054831500a13",1109035,"Álgebra Vetorial e Geometria Analítica",2016,1,5
"1457bf4b526e3ae16c01054831500a13",1109103,"Cálculo Diferencial e Integral I",2016,1,7.2
"1457bf4b526e3ae16c01054831500a13",1307151,"Leitura e Produção de Textos",2016,1,9.7
"1457bf4b526e3ae16c01054831500a13",1411167,"Programação I",2016,1,9.3
"1457bf4b526e3ae16c01054831500a13",1411174,"Introdução à Computação",2016,1,8.3
"1457bf4b526e3ae16c01054831500a13",1411180,"Laboratório de Programação I",2016,1,9.3
"64a4d9f228a3c570a37d486dd6491193",1307151,"Leitura e Produção de Textos",2016,1,9
"8fd7d13ede1780662df4643fe408dd5a",1307151,"Leitura e Produção de Textos",2016,1,10
"43ff907e2b9e14e035d06cb81a244e4b",1307151,"Leitura e Produção de Textos",2016,1,7.8
"64a4d9f228a3c570a37d486dd6491193",1109035,"Álgebra Vetorial e Geometria Analítica",2016,1,9.7
"64a4d9f228a3c570a37d486dd6491193",1411167,"Programação I",2016,1,5.7
"64a4d9f228a3c570a37d486dd6491193",1411180,"Laboratório de Programação I",2016,1,5.6
"64a4d9f228a3c570a37d486dd6491193",1411174,"Introdução à Computação",2016,1,5.6
"64a4d9f228a3c570a37d486dd6491193",1109103,"Cálculo Diferencial e Integral I",2016,1,7.1
"ab227b3b0db9b61a4eb9073a92ef5eb7",1109035,"Álgebra Vetorial e Geometria Analítica",2016,1,6.4
"ab227b3b0db9b61a4eb9073a92ef5eb7",1307151,"Leitura e Produção de Textos",2016,1,8
"ab227b3b0db9b61a4eb9073a92ef5eb7",1411174,"Introdução à Computação",2016,1,8.6
"ab227b3b0db9b61a4eb9073a92ef5eb7",1411180,"Laboratório de Programação I",2016,1,8.6
"ab227b3b0db9b61a4eb9073a92ef5eb7",1411167,"Programação I",2016,1,8.6
"ab227b3b0db9b61a4eb9073a92ef5eb7",1109103,"Cálculo Diferencial e Integral I",2016,1,8.5
"a2b5432111e4c6d856c8e35da304b3ee",1109035,"Álgebra Vetorial e Geometria Analítica",2016,1,7.4
"a2b5432111e4c6d856c8e35da304b3ee",1411180,"Laboratório de Programação I",2016,1,6.6
"a2b5432111e4c6d856c8e35da304b3ee",1411174,"Introdução à Computação",2016,1,8.2
"a2b5432111e4c6d856c8e35da304b3ee",1411167,"Programação I",2016,1,6.6
"a2b5432111e4c6d856c8e35da304b3ee",1109103,"Cálculo Diferencial e Integral I",2016,1,9.3
"a4d3d654bb9247c704e4c9bb895e2d32",1109035,"Álgebra Vetorial e Geometria Analítica",2016,1,NA
"a4d3d654bb9247c704e4c9bb895e2d32",1109103,"Cálculo Diferencial e Integral I",2016,1,5.3
"a4d3d654bb9247c704e4c9bb895e2d32",1307151,"Leitura e Produção de Textos",2016,1,NA
"a4d3d654bb9247c704e4c9bb895e2d32",1411167,"Programação I",2016,1,NA
"a4d3d654bb9247c704e4c9bb895e2d32",1411174,"Introdução à Computação",2016,1,5.6
"a4d3d654bb9247c704e4c9bb895e2d32",1411180,"Laboratório de Programação I",2016,1,4.3
"6d77b09bab450c6c6785befc04e0c21f",1109035,"Álgebra Vetorial e Geometria Analítica",2016,1,NA
"6d77b09bab450c6c6785befc04e0c21f",1109103,"Cálculo Diferencial e Integral I",2016,1,NA
"6d77b09bab450c6c6785befc04e0c21f",1307151,"Leitura e Produção de Textos",2016,1,8.7
"6d77b09bab450c6c6785befc04e0c21f",1411174,"Introdução à Computação",2016,1,2.8
"6d77b09bab450c6c6785befc04e0c21f",1411180,"Laboratório de Programação I",2016,1,NA
"f9770db3c02865f627652bcfd473bbca",1109035,"Álgebra Vetorial e Geometria Analítica",2016,1,NA
"f9770db3c02865f627652bcfd473bbca",1109103,"Cálculo Diferencial e Integral I",2016,1,7
"f9770db3c02865f627652bcfd473bbca",1307151,"Leitura e Produção de Textos",2016,1,9.7
"f9770db3c02865f627652bcfd473bbca",1411174,"Introdução à Computação",2016,1,7.8
"39a034810d6732974c743d67b935debe",1109035,"Álgebra Vetorial e Geometria Analítica",2016,1,6.2
"39a034810d6732974c743d67b935debe",1109103,"Cálculo Diferencial e Integral I",2016,1,7.3
"39a034810d6732974c743d67b935debe",1307151,"Leitura e Produção de Textos",2016,1,9.7
"39a034810d6732974c743d67b935debe",1411174,"Introdução à Computação",2016,1,7
"39a034810d6732974c743d67b935debe",1411180,"Laboratório de Programação I",2016,1,8.9
"2f5a361d24d22fd46752c3543946b5bd",1109035,"Álgebra Vetorial e Geometria Analítica",2016,1,8.7
"2f5a361d24d22fd46752c3543946b5bd",1109103,"Cálculo Diferencial e Integral I",2016,1,9.3
"2f5a361d24d22fd46752c3543946b5bd",1307151,"Leitura e Produção de Textos",2016,1,10
"2f5a361d24d22fd46752c3543946b5bd",1411167,"Programação I",2016,1,8.8
"2f5a361d24d22fd46752c3543946b5bd",1411174,"Introdução à Computação",2016,1,10
"2f5a361d24d22fd46752c3543946b5bd",1411180,"Laboratório de Programação I",2016,1,8.8
"be3d7396147ecf6ba7c37cc1fffb68e6",1109035,"Álgebra Vetorial e Geometria Analítica",2016,1,NA
"be3d7396147ecf6ba7c37cc1fffb68e6",1109103,"Cálculo Diferencial e Integral I",2016,1,1.4
"be3d7396147ecf6ba7c37cc1fffb68e6",1307151,"Leitura e Produção de Textos",2016,1,8.7
"be3d7396147ecf6ba7c37cc1fffb68e6",1411174,"Introdução à Computação",2016,1,6.6
"be3d7396147ecf6ba7c37cc1fffb68e6",1411180,"Laboratório de Programação I",2016,1,7.3
"d52bbc7fd9e9fb73a45df50cdeb71b33",1109103,"Cálculo Diferencial e Integral I",2016,1,5.7
"19191a02edd8cd019d59b4c9f3ef8af4",1109103,"Cálculo Diferencial e Integral I",2016,1,2.2
"d52bbc7fd9e9fb73a45df50cdeb71b33",1109035,"Álgebra Vetorial e Geometria Analítica",2016,1,6
"d52bbc7fd9e9fb73a45df50cdeb71b33",1411167,"Programação I",2016,1,7.3
"d52bbc7fd9e9fb73a45df50cdeb71b33",1411174,"Introdução à Computação",2016,1,6
"d52bbc7fd9e9fb73a45df50cdeb71b33",1411180,"Laboratório de Programação I",2016,1,7.3
"b0adba59722aec48a1ff459ef8a90799",1109035,"Álgebra Vetorial e Geometria Analítica",2016,1,NA
"b0adba59722aec48a1ff459ef8a90799",1109103,"Cálculo Diferencial e Integral I",2016,1,0.5
"b0adba59722aec48a1ff459ef8a90799",1307151,"Leitura e Produção de Textos",2016,1,8.3
"b0adba59722aec48a1ff459ef8a90799",1411167,"Programação I",2016,1,3.5
"b0adba59722aec48a1ff459ef8a90799",1411174,"Introdução à Computação",2016,1,6
"b0adba59722aec48a1ff459ef8a90799",1411180,"Laboratório de Programação I",2016,1,3.5
"faaf45fda141ec2cb561c2f1274706b3",1109035,"Álgebra Vetorial e Geometria Analítica",2016,1,7.5
"faaf45fda141ec2cb561c2f1274706b3",1109103,"Cálculo Diferencial e Integral I",2016,1,7.4
"faaf45fda141ec2cb561c2f1274706b3",1307151,"Leitura e Produção de Textos",2016,1,9.3
"faaf45fda141ec2cb561c2f1274706b3",1411167,"Programação I",2016,1,9.6
"faaf45fda141ec2cb561c2f1274706b3",1411174,"Introdução à Computação",2016,1,8.5
"faaf45fda141ec2cb561c2f1274706b3",1411180,"Laboratório de Programação I",2016,1,9.6
"f71c16557d5bcc87fe0fa15d064d7b35",1109035,"Álgebra Vetorial e Geometria Analítica",2016,1,3.5
"f71c16557d5bcc87fe0fa15d064d7b35",1109103,"Cálculo Diferencial e Integral I",2016,1,7.8
"f71c16557d5bcc87fe0fa15d064d7b35",1307151,"Leitura e Produção de Textos",2016,1,9.7
"f71c16557d5bcc87fe0fa15d064d7b35",1411167,"Programação I",2016,1,6.9
"f71c16557d5bcc87fe0fa15d064d7b35",1411174,"Introdução à Computação",2016,1,6.2
"f71c16557d5bcc87fe0fa15d064d7b35",1411180,"Laboratório de Programação I",2016,1,6.9
"768a1b0f93aa06b17392afc75aa73626",1109035,"Álgebra Vetorial e Geometria Analítica",2016,1,2
"768a1b0f93aa06b17392afc75aa73626",1109103,"Cálculo Diferencial e Integral I",2016,1,4.6
"768a1b0f93aa06b17392afc75aa73626",1307151,"Leitura e Produção de Textos",2016,1,9
"768a1b0f93aa06b17392afc75aa73626",1411167,"Programação I",2016,1,8.9
"768a1b0f93aa06b17392afc75aa73626",1411174,"Introdução à Computação",2016,1,7.8
"768a1b0f93aa06b17392afc75aa73626",1411180,"Laboratório de Programação I",2016,1,8.9
"be2aa86679aba15822f7d7518cee1cbe",1109035,"Álgebra Vetorial e Geometria Analítica",2016,1,NA
"be2aa86679aba15822f7d7518cee1cbe",1109103,"Cálculo Diferencial e Integral I",2016,1,5.7
"be2aa86679aba15822f7d7518cee1cbe",1307151,"Leitura e Produção de Textos",2016,1,9.7
"be2aa86679aba15822f7d7518cee1cbe",1411174,"Introdução à Computação",2016,1,6.2
"be2aa86679aba15822f7d7518cee1cbe",1411180,"Laboratório de Programação I",2016,1,5.8
"05a93144859c730c2fce529038f477e8",1109035,"Álgebra Vetorial e Geometria Analítica",2016,1,8.3
"05a93144859c730c2fce529038f477e8",1109103,"Cálculo Diferencial e Integral I",2016,1,9
"05a93144859c730c2fce529038f477e8",1307151,"Leitura e Produção de Textos",2016,1,9.5
"05a93144859c730c2fce529038f477e8",1411167,"Programação I",2016,1,9.9
"05a93144859c730c2fce529038f477e8",1411174,"Introdução à Computação",2016,1,8
"05a93144859c730c2fce529038f477e8",1411180,"Laboratório de Programação I",2016,1,9.9
"1a807001a5d2fdf97f4cc612d8f7842d",1109035,"Álgebra Vetorial e Geometria Analítica",2016,1,NA
"1a807001a5d2fdf97f4cc612d8f7842d",1109103,"Cálculo Diferencial e Integral I",2016,1,NA
"1a807001a5d2fdf97f4cc612d8f7842d",1411167,"Programação I",2016,1,NA
"1a807001a5d2fdf97f4cc612d8f7842d",1411174,"Introdução à Computação",2016,1,NA
"e994e0c371fd934ae467e2f79989c19e",1109103,"Cálculo Diferencial e Integral I",2016,1,NA
"1bca14b970bc77d7a27eb2bbaf2cabda",1109035,"Álgebra Vetorial e Geometria Analítica",2016,1,NA
"1bca14b970bc77d7a27eb2bbaf2cabda",1109103,"Cálculo Diferencial e Integral I",2016,1,NA
"1bca14b970bc77d7a27eb2bbaf2cabda",1411167,"Programação I",2016,1,4.2
"1bca14b970bc77d7a27eb2bbaf2cabda",1411174,"Introdução à Computação",2016,1,3.1
"1bca14b970bc77d7a27eb2bbaf2cabda",1411180,"Laboratório de Programação I",2016,1,4.2
"d38ce708da79a247a23b546734b090ca",1109035,"Álgebra Vetorial e Geometria Analítica",2016,1,5.8
"d38ce708da79a247a23b546734b090ca",1109103,"Cálculo Diferencial e Integral I",2016,1,7.1
"d38ce708da79a247a23b546734b090ca",1307151,"Leitura e Produção de Textos",2016,1,9.3
"d38ce708da79a247a23b546734b090ca",1411167,"Programação I",2016,1,9.1
"d38ce708da79a247a23b546734b090ca",1411174,"Introdução à Computação",2016,1,8.5
"d38ce708da79a247a23b546734b090ca",1411180,"Laboratório de Programação I",2016,1,9.1
"05eeb70a9e59d4be858487cbb7dd97b8",1109035,"Álgebra Vetorial e Geometria Analítica",2016,1,NA
"05eeb70a9e59d4be858487cbb7dd97b8",1109103,"Cálculo Diferencial e Integral I",2016,1,7.4
"05eeb70a9e59d4be858487cbb7dd97b8",1307151,"Leitura e Produção de Textos",2016,1,9.7
"05eeb70a9e59d4be858487cbb7dd97b8",1411167,"Programação I",2016,1,9.2
"05eeb70a9e59d4be858487cbb7dd97b8",1411174,"Introdução à Computação",2016,1,8.5
"05eeb70a9e59d4be858487cbb7dd97b8",1411180,"Laboratório de Programação I",2016,1,9.2
"897b985ddb748d1272a87ea7b9579de6",1109035,"Álgebra Vetorial e Geometria Analítica",2016,1,5.4
"897b985ddb748d1272a87ea7b9579de6",1109103,"Cálculo Diferencial e Integral I",2016,1,7.6
"897b985ddb748d1272a87ea7b9579de6",1307151,"Leitura e Produção de Textos",2016,1,10
"897b985ddb748d1272a87ea7b9579de6",1411174,"Introdução à Computação",2016,1,8.9
"75f1062529af6b0e3dcb2600cf3a4e6c",1109035,"Álgebra Vetorial e Geometria Analítica",2016,1,7.3
"75f1062529af6b0e3dcb2600cf3a4e6c",1109103,"Cálculo Diferencial e Integral I",2016,1,8.9
"75f1062529af6b0e3dcb2600cf3a4e6c",1411167,"Programação I",2016,1,7.1
"75f1062529af6b0e3dcb2600cf3a4e6c",1411174,"Introdução à Computação",2016,1,3.9
"75f1062529af6b0e3dcb2600cf3a4e6c",1411180,"Laboratório de Programação I",2016,1,7.1
"73bc401e5a64483212fbbb144417b729",1109035,"Álgebra Vetorial e Geometria Analítica",2016,1,NA
"73bc401e5a64483212fbbb144417b729",1109103,"Cálculo Diferencial e Integral I",2016,1,7.8
"73bc401e5a64483212fbbb144417b729",1411167,"Programação I",2016,1,9
"73bc401e5a64483212fbbb144417b729",1411174,"Introdução à Computação",2016,1,7.3
"d93cfdc48be6eee0784d0e3eaea5cc6b",1307151,"Leitura e Produção de Textos",2016,1,7.8
"d93cfdc48be6eee0784d0e3eaea5cc6b",1411167,"Programação I",2016,1,5
"d93cfdc48be6eee0784d0e3eaea5cc6b",1411174,"Introdução à Computação",2016,1,5.3
"d93cfdc48be6eee0784d0e3eaea5cc6b",1411180,"Laboratório de Programação I",2016,1,5
"f6962396edb0c68fb2fade10dcd7d6a0",1109035,"Álgebra Vetorial e Geometria Analítica",2016,1,10
"f6962396edb0c68fb2fade10dcd7d6a0",1109103,"Cálculo Diferencial e Integral I",2016,1,9.3
"f6962396edb0c68fb2fade10dcd7d6a0",1307151,"Leitura e Produção de Textos",2016,1,10
"f6962396edb0c68fb2fade10dcd7d6a0",1411167,"Programação I",2016,1,8.9
"f6962396edb0c68fb2fade10dcd7d6a0",1411174,"Introdução à Computação",2016,1,9.6
"f6962396edb0c68fb2fade10dcd7d6a0",1411180,"Laboratório de Programação I",2016,1,8.9
"25f1b1556c02dca1f8671f143f282a72",1411167,"Programação I",2016,1,9.1
"25f1b1556c02dca1f8671f143f282a72",1411174,"Introdução à Computação",2016,1,8.3
"25f1b1556c02dca1f8671f143f282a72",1411180,"Laboratório de Programação I",2016,1,9.1
"054adfd061165d98ace0ca50828e8e18",1109103,"Cálculo Diferencial e Integral I",2016,1,7.6
"9aa8898b26ab91eb44630efd76957aab",1109035,"Álgebra Vetorial e Geometria Analítica",2016,1,NA
"9aa8898b26ab91eb44630efd76957aab",1109103,"Cálculo Diferencial e Integral I",2016,1,2.2
"9aa8898b26ab91eb44630efd76957aab",1411167,"Programação I",2016,1,3.4
"9aa8898b26ab91eb44630efd76957aab",1411174,"Introdução à Computação",2016,1,5.5
"f57e37d2e56f532547cc60a5d7632ae2",1109035,"Álgebra Vetorial e Geometria Analítica",2016,1,5.1
"f57e37d2e56f532547cc60a5d7632ae2",1109103,"Cálculo Diferencial e Integral I",2016,1,8.3
"f57e37d2e56f532547cc60a5d7632ae2",1411167,"Programação I",2016,1,7.1
"f57e37d2e56f532547cc60a5d7632ae2",1411174,"Introdução à Computação",2016,1,2.4
"f57e37d2e56f532547cc60a5d7632ae2",1411180,"Laboratório de Programação I",2016,1,7.1
"2cfdd451464e47be9ff88052b5a2170d",1109035,"Álgebra Vetorial e Geometria Analítica",2016,1,NA
"2cfdd451464e47be9ff88052b5a2170d",1109103,"Cálculo Diferencial e Integral I",2016,1,5
"2cfdd451464e47be9ff88052b5a2170d",1411174,"Introdução à Computação",2016,1,3.7
"2cfdd451464e47be9ff88052b5a2170d",1411180,"Laboratório de Programação I",2016,1,6.5
"4fb4f7c795e807fee048be09a903cd92",1109035,"Álgebra Vetorial e Geometria Analítica",2016,1,8.9
"4fb4f7c795e807fee048be09a903cd92",1109103,"Cálculo Diferencial e Integral I",2016,1,7.8
"4fb4f7c795e807fee048be09a903cd92",1411167,"Programação I",2016,1,8.9
"4fb4f7c795e807fee048be09a903cd92",1411180,"Laboratório de Programação I",2016,1,9
"4fb4f7c795e807fee048be09a903cd92",1411174,"Introdução à Computação",2016,1,10
"4fb4f7c795e807fee048be09a903cd92",1307151,"Leitura e Produção de Textos",2016,1,9.2
"24a4a2e83cf780e772b91a60813cafe4",1109035,"Álgebra Vetorial e Geometria Analítica",2016,1,7
"24a4a2e83cf780e772b91a60813cafe4",1307151,"Leitura e Produção de Textos",2016,1,8
"24a4a2e83cf780e772b91a60813cafe4",1411174,"Introdução à Computação",2016,1,7.3
"24a4a2e83cf780e772b91a60813cafe4",1411180,"Laboratório de Programação I",2016,1,5.5
"24a4a2e83cf780e772b91a60813cafe4",1411167,"Programação I",2016,1,5.5
"24a4a2e83cf780e772b91a60813cafe4",1109103,"Cálculo Diferencial e Integral I",2016,1,6.9
"183d6c8021a803f4c346b73731258dce",1109035,"Álgebra Vetorial e Geometria Analítica",2016,1,8.3
"183d6c8021a803f4c346b73731258dce",1109103,"Cálculo Diferencial e Integral I",2016,1,7.1
"183d6c8021a803f4c346b73731258dce",1411167,"Programação I",2016,1,9.4
"183d6c8021a803f4c346b73731258dce",1411180,"Laboratório de Programação I",2016,1,9.4
"183d6c8021a803f4c346b73731258dce",1411174,"Introdução à Computação",2016,1,9.2
"b885c3b8fd4ac322d23965634a1e77d9",1109035,"Álgebra Vetorial e Geometria Analítica",2016,1,7.8
"b885c3b8fd4ac322d23965634a1e77d9",1109103,"Cálculo Diferencial e Integral I",2016,1,5
"b885c3b8fd4ac322d23965634a1e77d9",1411167,"Programação I",2016,1,7
"b885c3b8fd4ac322d23965634a1e77d9",1411174,"Introdução à Computação",2016,1,5.6
"b885c3b8fd4ac322d23965634a1e77d9",1411180,"Laboratório de Programação I",2016,1,7
"b885c3b8fd4ac322d23965634a1e77d9",1307151,"Leitura e Produção de Textos",2016,1,6.2
"09c4313516ac08cf6e9889831d1c3ba5",1109035,"Álgebra Vetorial e Geometria Analítica",2016,1,1.8
"09c4313516ac08cf6e9889831d1c3ba5",1109103,"Cálculo Diferencial e Integral I",2016,1,5
"09c4313516ac08cf6e9889831d1c3ba5",1307151,"Leitura e Produção de Textos",2016,1,9
"09c4313516ac08cf6e9889831d1c3ba5",1411167,"Programação I",2016,1,7.2
"09c4313516ac08cf6e9889831d1c3ba5",1411174,"Introdução à Computação",2016,1,6.6
"09c4313516ac08cf6e9889831d1c3ba5",1411180,"Laboratório de Programação I",2016,1,7.2
"752d4d1b83f23967f49ff44f452061b6",1109035,"Álgebra Vetorial e Geometria Analítica",2016,1,2.3
"752d4d1b83f23967f49ff44f452061b6",1109103,"Cálculo Diferencial e Integral I",2016,1,7.2
"752d4d1b83f23967f49ff44f452061b6",1307151,"Leitura e Produção de Textos",2016,1,10
"752d4d1b83f23967f49ff44f452061b6",1411167,"Programação I",2016,1,5.7
"752d4d1b83f23967f49ff44f452061b6",1411174,"Introdução à Computação",2016,1,7.7
"752d4d1b83f23967f49ff44f452061b6",1411180,"Laboratório de Programação I",2016,1,5.7
"81cb5150105e19f070a8ba19082be41d",1109035,"Álgebra Vetorial e Geometria Analítica",2016,1,NA
"81cb5150105e19f070a8ba19082be41d",1109103,"Cálculo Diferencial e Integral I",2016,1,5.3
"81cb5150105e19f070a8ba19082be41d",1307151,"Leitura e Produção de Textos",2016,1,9.7
"81cb5150105e19f070a8ba19082be41d",1411167,"Programação I",2016,1,5
"81cb5150105e19f070a8ba19082be41d",1411174,"Introdução à Computação",2016,1,6.5
"81cb5150105e19f070a8ba19082be41d",1411180,"Laboratório de Programação I",2016,1,5
"cac59a06ab4da2b67c53701a7e8e72cc",1109035,"Álgebra Vetorial e Geometria Analítica",2016,1,8
"cac59a06ab4da2b67c53701a7e8e72cc",1109103,"Cálculo Diferencial e Integral I",2016,1,9.3
"cac59a06ab4da2b67c53701a7e8e72cc",1411167,"Programação I",2016,1,9.1
"cac59a06ab4da2b67c53701a7e8e72cc",1411174,"Introdução à Computação",2016,1,7.1
"252ccf504bac35fe0e1153f3c0d98acd",1109035,"Álgebra Vetorial e Geometria Analítica",2016,1,6.1
"252ccf504bac35fe0e1153f3c0d98acd",1109103,"Cálculo Diferencial e Integral I",2016,1,7.2
"252ccf504bac35fe0e1153f3c0d98acd",1411167,"Programação I",2016,1,3.4
"252ccf504bac35fe0e1153f3c0d98acd",1411174,"Introdução à Computação",2016,1,5.3
"252ccf504bac35fe0e1153f3c0d98acd",1411180,"Laboratório de Programação I",2016,1,3.4
"e51208e3f7be870c3902888d6034671e",1307151,"Leitura e Produção de Textos",2016,1,8.3
"e51208e3f7be870c3902888d6034671e",1411167,"Programação I",2016,1,8.4
"e51208e3f7be870c3902888d6034671e",1411174,"Introdução à Computação",2016,1,8.2
"e51208e3f7be870c3902888d6034671e",1411180,"Laboratório de Programação I",2016,1,8.4
"e51208e3f7be870c3902888d6034671e",1109035,"Álgebra Vetorial e Geometria Analítica",2016,1,6.7
"e51208e3f7be870c3902888d6034671e",1109103,"Cálculo Diferencial e Integral I",2016,1,7.4
"792868eca24bb7caa487a08cf6c3fa5f",1109035,"Álgebra Vetorial e Geometria Analítica",2016,1,NA
"792868eca24bb7caa487a08cf6c3fa5f",1109103,"Cálculo Diferencial e Integral I",2016,1,5
"792868eca24bb7caa487a08cf6c3fa5f",1307151,"Leitura e Produção de Textos",2016,1,9.7
"792868eca24bb7caa487a08cf6c3fa5f",1411167,"Programação I",2016,1,3.7
"792868eca24bb7caa487a08cf6c3fa5f",1411174,"Introdução à Computação",2016,1,7.1
"792868eca24bb7caa487a08cf6c3fa5f",1411180,"Laboratório de Programação I",2016,1,3.7
"cfb75a7b964c616cb0839643dc75a8ed",1109035,"Álgebra Vetorial e Geometria Analítica",2016,1,NA
"cfb75a7b964c616cb0839643dc75a8ed",1109103,"Cálculo Diferencial e Integral I",2016,1,6.9
"cfb75a7b964c616cb0839643dc75a8ed",1307151,"Leitura e Produção de Textos",2016,1,8.3
"cfb75a7b964c616cb0839643dc75a8ed",1411167,"Programação I",2016,1,5.8
"cfb75a7b964c616cb0839643dc75a8ed",1411174,"Introdução à Computação",2016,1,5.5
"cfb75a7b964c616cb0839643dc75a8ed",1411180,"Laboratório de Programação I",2016,1,5.8
"949e2297de5b5e69d5fac28b13b268dd",1109035,"Álgebra Vetorial e Geometria Analítica",2016,1,7.5
"949e2297de5b5e69d5fac28b13b268dd",1109103,"Cálculo Diferencial e Integral I",2016,1,7.9
"949e2297de5b5e69d5fac28b13b268dd",1307151,"Leitura e Produção de Textos",2016,1,9.3
"949e2297de5b5e69d5fac28b13b268dd",1411167,"Programação I",2016,1,5.7
"949e2297de5b5e69d5fac28b13b268dd",1411174,"Introdução à Computação",2016,1,7.8
"949e2297de5b5e69d5fac28b13b268dd",1411180,"Laboratório de Programação I",2016,1,5.7
"3ebddbbc1b88df9dbd312be2e5d460d7",1109035,"Álgebra Vetorial e Geometria Analítica",2016,1,NA
"3ebddbbc1b88df9dbd312be2e5d460d7",1109103,"Cálculo Diferencial e Integral I",2016,1,5.3
"3ebddbbc1b88df9dbd312be2e5d460d7",1307151,"Leitura e Produção de Textos",2016,1,7.7
"3ebddbbc1b88df9dbd312be2e5d460d7",1411167,"Programação I",2016,1,5.1
"3ebddbbc1b88df9dbd312be2e5d460d7",1411174,"Introdução à Computação",2016,1,7.3
"3ebddbbc1b88df9dbd312be2e5d460d7",1411180,"Laboratório de Programação I",2016,1,5.1
"d71fb2fabf4dd856f3b801f91b6e7b7c",1109035,"Álgebra Vetorial e Geometria Analítica",2016,1,1.7
"d71fb2fabf4dd856f3b801f91b6e7b7c",1109103,"Cálculo Diferencial e Integral I",2016,1,7
"d71fb2fabf4dd856f3b801f91b6e7b7c",1411167,"Programação I",2016,1,9.1
"d71fb2fabf4dd856f3b801f91b6e7b7c",1411174,"Introdução à Computação",2016,1,5.2
"72a3f3ac7bb06a1ee2e61e462bdc05ac",1109035,"Álgebra Vetorial e Geometria Analítica",2016,1,8.8
"72a3f3ac7bb06a1ee2e61e462bdc05ac",1109103,"Cálculo Diferencial e Integral I",2016,1,9.6
"72a3f3ac7bb06a1ee2e61e462bdc05ac",1307151,"Leitura e Produção de Textos",2016,1,10
"72a3f3ac7bb06a1ee2e61e462bdc05ac",1411167,"Programação I",2016,1,9.1
"72a3f3ac7bb06a1ee2e61e462bdc05ac",1411174,"Introdução à Computação",2016,1,8.5
"72a3f3ac7bb06a1ee2e61e462bdc05ac",1411180,"Laboratório de Programação I",2016,1,9.1
"f682af3150421f9997d371b8f115e1ba",1109035,"Álgebra Vetorial e Geometria Analítica",2016,1,7.2
"f682af3150421f9997d371b8f115e1ba",1109103,"Cálculo Diferencial e Integral I",2016,1,8
"f682af3150421f9997d371b8f115e1ba",1307151,"Leitura e Produção de Textos",2016,1,10
"f682af3150421f9997d371b8f115e1ba",1411167,"Programação I",2016,1,9.3
"f682af3150421f9997d371b8f115e1ba",1411174,"Introdução à Computação",2016,1,8.6
"f682af3150421f9997d371b8f115e1ba",1411180,"Laboratório de Programação I",2016,1,9.3
"43ff907e2b9e14e035d06cb81a244e4b",1411167,"Programação I",2016,1,6.4
"43ff907e2b9e14e035d06cb81a244e4b",1411174,"Introdução à Computação",2016,1,6.4
"43ff907e2b9e14e035d06cb81a244e4b",1411180,"Laboratório de Programação I",2016,1,6.4
"7003af7ab17f31c58114e7bd00c5f83f",1109035,"Álgebra Vetorial e Geometria Analítica",2016,1,4
"7003af7ab17f31c58114e7bd00c5f83f",1109103,"Cálculo Diferencial e Integral I",2016,1,7.1
"7003af7ab17f31c58114e7bd00c5f83f",1307151,"Leitura e Produção de Textos",2016,1,10
"7003af7ab17f31c58114e7bd00c5f83f",1411174,"Introdução à Computação",2016,1,8.5
"7003af7ab17f31c58114e7bd00c5f83f",1411180,"Laboratório de Programação I",2016,1,9.3
"8138b32b7bab7f2928acf6a2c4b04aa2",1109035,"Álgebra Vetorial e Geometria Analítica",2016,1,NA
"8138b32b7bab7f2928acf6a2c4b04aa2",1109103,"Cálculo Diferencial e Integral I",2016,1,1.4
"8138b32b7bab7f2928acf6a2c4b04aa2",1411167,"Programação I",2016,1,7.1
"8138b32b7bab7f2928acf6a2c4b04aa2",1411174,"Introdução à Computação",2016,1,6.1
"8138b32b7bab7f2928acf6a2c4b04aa2",1411180,"Laboratório de Programação I",2016,1,7.1
"00d9156b08b28e7b58a25a9351242e9f",1109035,"Álgebra Vetorial e Geometria Analítica",2016,1,5.7
"00d9156b08b28e7b58a25a9351242e9f",1109103,"Cálculo Diferencial e Integral I",2016,1,5
"00d9156b08b28e7b58a25a9351242e9f",1411174,"Introdução à Computação",2016,1,7.1
"00d9156b08b28e7b58a25a9351242e9f",1411167,"Programação I",2016,1,5.5
"00d9156b08b28e7b58a25a9351242e9f",1411180,"Laboratório de Programação I",2016,1,5.5
"c6d7c51fc2c619b95936a31bc7492ea6",1307151,"Leitura e Produção de Textos",2016,1,7
"c6d7c51fc2c619b95936a31bc7492ea6",1411167,"Programação I",2016,1,8.6
"c6d7c51fc2c619b95936a31bc7492ea6",1411174,"Introdução à Computação",2016,1,8.6
"c6d7c51fc2c619b95936a31bc7492ea6",1411180,"Laboratório de Programação I",2016,1,8.6
"c6d7c51fc2c619b95936a31bc7492ea6",1109035,"Álgebra Vetorial e Geometria Analítica",2016,1,7
"c6d7c51fc2c619b95936a31bc7492ea6",1109103,"Cálculo Diferencial e Integral I",2016,1,7.8
"9f9df38bb59c7ec121db1918f8d70c05",1109035,"Álgebra Vetorial e Geometria Analítica",2016,1,5.7
"9f9df38bb59c7ec121db1918f8d70c05",1109103,"Cálculo Diferencial e Integral I",2016,1,7
"9f9df38bb59c7ec121db1918f8d70c05",1307151,"Leitura e Produção de Textos",2016,1,7.7
"9f9df38bb59c7ec121db1918f8d70c05",1411167,"Programação I",2016,1,6.4
"9f9df38bb59c7ec121db1918f8d70c05",1411174,"Introdução à Computação",2016,1,7.7
"9f9df38bb59c7ec121db1918f8d70c05",1411180,"Laboratório de Programação I",2016,1,6.4
"357d93e31ac9d3f6a2eb59ffa96c9651",1109035,"Álgebra Vetorial e Geometria Analítica",2016,1,5.6
"2de2953c96776c5ee0cecea28695900e",1109035,"Álgebra Vetorial e Geometria Analítica",2016,1,7.2
"2de2953c96776c5ee0cecea28695900e",1109103,"Cálculo Diferencial e Integral I",2016,1,8.2
"2de2953c96776c5ee0cecea28695900e",1307151,"Leitura e Produção de Textos",2016,1,9.5
"2de2953c96776c5ee0cecea28695900e",1411174,"Introdução à Computação",2016,1,8
"2de2953c96776c5ee0cecea28695900e",1411180,"Laboratório de Programação I",2016,1,9.1
"3a31536d55172974132b606b31430046",1307151,"Leitura e Produção de Textos",2016,1,9.3
"3a31536d55172974132b606b31430046",1411167,"Programação I",2016,1,8.7
"3a31536d55172974132b606b31430046",1411174,"Introdução à Computação",2016,1,7.1
"a5564c9bc241f625b4bd3934d49bb1ba",1109035,"Álgebra Vetorial e Geometria Analítica",2016,1,NA
"a5564c9bc241f625b4bd3934d49bb1ba",1109103,"Cálculo Diferencial e Integral I",2016,1,NA
"a5564c9bc241f625b4bd3934d49bb1ba",1411167,"Programação I",2016,1,2.3
"a5564c9bc241f625b4bd3934d49bb1ba",1411174,"Introdução à Computação",2016,1,NA
"4758886f3dd6449478b176a6d7f9bf7d",1109035,"Álgebra Vetorial e Geometria Analítica",2016,1,NA
"4758886f3dd6449478b176a6d7f9bf7d",1109103,"Cálculo Diferencial e Integral I",2016,1,0.5
"4758886f3dd6449478b176a6d7f9bf7d",1411167,"Programação I",2016,1,7.7
"4758886f3dd6449478b176a6d7f9bf7d",1411174,"Introdução à Computação",2016,1,6.3
"4758886f3dd6449478b176a6d7f9bf7d",1411180,"Laboratório de Programação I",2016,1,7.7
"e12a833c1c9e8b1e3b157893bb395779",1109103,"Cálculo Diferencial e Integral I",2016,1,8.8
"d38c55d6d956d6ad3e59c6151d9ae675",1109103,"Cálculo Diferencial e Integral I",2016,1,3.4
"d38c55d6d956d6ad3e59c6151d9ae675",1411167,"Programação I",2016,1,3.3
"d38c55d6d956d6ad3e59c6151d9ae675",1411174,"Introdução à Computação",2016,1,2.5
"a0e37c93e7dfca75e1d478670964fc43",1109103,"Cálculo Diferencial e Integral I",2016,1,7
"a0e37c93e7dfca75e1d478670964fc43",1411167,"Programação I",2016,1,6.4
"a0e37c93e7dfca75e1d478670964fc43",1411174,"Introdução à Computação",2016,1,8.3
"a0e37c93e7dfca75e1d478670964fc43",1411180,"Laboratório de Programação I",2016,1,6.4
"a0e37c93e7dfca75e1d478670964fc43",1109035,"Álgebra Vetorial e Geometria Analítica",2016,1,5.2
"a0e37c93e7dfca75e1d478670964fc43",1307151,"Leitura e Produção de Textos",2016,1,7.1
"f7b1de15960f846e74ec703b87d00c30",1109035,"Álgebra Vetorial e Geometria Analítica",2016,1,5.1
"f7b1de15960f846e74ec703b87d00c30",1109103,"Cálculo Diferencial e Integral I",2016,1,5.6
"f7b1de15960f846e74ec703b87d00c30",1307151,"Leitura e Produção de Textos",2016,1,6.3
"f7b1de15960f846e74ec703b87d00c30",1411167,"Programação I",2016,1,8.9
"f7b1de15960f846e74ec703b87d00c30",1411180,"Laboratório de Programação I",2016,1,8.9
"ba2c2da90909b2e7cd233436af5d3023",1109035,"Álgebra Vetorial e Geometria Analítica",2016,1,6.7
"ba2c2da90909b2e7cd233436af5d3023",1109103,"Cálculo Diferencial e Integral I",2016,1,7.4
"ba2c2da90909b2e7cd233436af5d3023",1307151,"Leitura e Produção de Textos",2016,1,7
"ba2c2da90909b2e7cd233436af5d3023",1411167,"Programação I",2016,1,9.8
"ba2c2da90909b2e7cd233436af5d3023",1411174,"Introdução à Computação",2016,1,7.5
"ba2c2da90909b2e7cd233436af5d3023",1411180,"Laboratório de Programação I",2016,1,9.8
"6753f8d521da49fd649e4394a344b367",1109035,"Álgebra Vetorial e Geometria Analítica",2016,1,NA
"6753f8d521da49fd649e4394a344b367",1109103,"Cálculo Diferencial e Integral I",2016,1,2.5
"6753f8d521da49fd649e4394a344b367",1307151,"Leitura e Produção de Textos",2016,1,NA
"6753f8d521da49fd649e4394a344b367",1411167,"Programação I",2016,1,9.8
"6753f8d521da49fd649e4394a344b367",1411174,"Introdução à Computação",2016,1,4.7
"6753f8d521da49fd649e4394a344b367",1411180,"Laboratório de Programação I",2016,1,9.8
"70a057f760409ba93e2c4f220cd01471",1109035,"Álgebra Vetorial e Geometria Analítica",2016,1,6.2
"70a057f760409ba93e2c4f220cd01471",1109103,"Cálculo Diferencial e Integral I",2016,1,8.5
"70a057f760409ba93e2c4f220cd01471",1307151,"Leitura e Produção de Textos",2016,1,9
"70a057f760409ba93e2c4f220cd01471",1411167,"Programação I",2016,1,6
"70a057f760409ba93e2c4f220cd01471",1411174,"Introdução à Computação",2016,1,8.3
"70a057f760409ba93e2c4f220cd01471",1411180,"Laboratório de Programação I",2016,1,6
"7a055aecf227f5732c91b1ac9e01e89c",1109035,"Álgebra Vetorial e Geometria Analítica",2016,1,7
"7a055aecf227f5732c91b1ac9e01e89c",1109103,"Cálculo Diferencial e Integral I",2016,1,8.3
"7a055aecf227f5732c91b1ac9e01e89c",1307151,"Leitura e Produção de Textos",2016,1,9.3
"7a055aecf227f5732c91b1ac9e01e89c",1411167,"Programação I",2016,1,9.2
"7a055aecf227f5732c91b1ac9e01e89c",1411174,"Introdução à Computação",2016,1,6.7
"7a055aecf227f5732c91b1ac9e01e89c",1411180,"Laboratório de Programação I",2016,1,9.2
"0574a9438f1ced3edbefe0abc119183b",1411167,"Programação I",2016,1,9.2
"0574a9438f1ced3edbefe0abc119183b",1411174,"Introdução à Computação",2016,1,10
"0574a9438f1ced3edbefe0abc119183b",1411180,"Laboratório de Programação I",2016,1,9.2
"f7b1de15960f846e74ec703b87d00c30",1411174,"Introdução à Computação",2016,1,5.7
"3c8a7ef389b46076c01d38522f671a13",1109035,"Álgebra Vetorial e Geometria Analítica",2016,1,5.8
"3c8a7ef389b46076c01d38522f671a13",1109103,"Cálculo Diferencial e Integral I",2016,1,5
"3c8a7ef389b46076c01d38522f671a13",1307151,"Leitura e Produção de Textos",2016,1,8.2
"3c8a7ef389b46076c01d38522f671a13",1411180,"Laboratório de Programação I",2016,1,7.5
"3c8a7ef389b46076c01d38522f671a13",1411174,"Introdução à Computação",2016,1,7.5
"3c8a7ef389b46076c01d38522f671a13",1411167,"Programação I",2016,1,7.5
"befe0f1b5ee41ee6b4da7efe93b089a8",1109035,"Álgebra Vetorial e Geometria Analítica",2016,1,2.8
"befe0f1b5ee41ee6b4da7efe93b089a8",1109103,"Cálculo Diferencial e Integral I",2016,1,7
"befe0f1b5ee41ee6b4da7efe93b089a8",1307151,"Leitura e Produção de Textos",2016,1,8.7
"befe0f1b5ee41ee6b4da7efe93b089a8",1411167,"Programação I",2016,1,7.2
"befe0f1b5ee41ee6b4da7efe93b089a8",1411174,"Introdução à Computação",2016,1,8.1
"befe0f1b5ee41ee6b4da7efe93b089a8",1411180,"Laboratório de Programação I",2016,1,7.2
"a88832fb33dc079b19df4461f0c34ac4",1109035,"Álgebra Vetorial e Geometria Analítica",2016,1,NA
"a88832fb33dc079b19df4461f0c34ac4",1109103,"Cálculo Diferencial e Integral I",2016,1,6.8
"a88832fb33dc079b19df4461f0c34ac4",1307151,"Leitura e Produção de Textos",2016,1,10
"a88832fb33dc079b19df4461f0c34ac4",1411167,"Programação I",2016,1,6.6
"a88832fb33dc079b19df4461f0c34ac4",1411174,"Introdução à Computação",2016,1,7
"a88832fb33dc079b19df4461f0c34ac4",1411180,"Laboratório de Programação I",2016,1,6.6
"10149bc303d09c40beb81f2a47a4d374",1109035,"Álgebra Vetorial e Geometria Analítica",2016,1,NA
"10149bc303d09c40beb81f2a47a4d374",1109103,"Cálculo Diferencial e Integral I",2016,1,5.2
"10149bc303d09c40beb81f2a47a4d374",1307151,"Leitura e Produção de Textos",2016,1,9
"10149bc303d09c40beb81f2a47a4d374",1411167,"Programação I",2016,1,9.1
"10149bc303d09c40beb81f2a47a4d374",1411174,"Introdução à Computação",2016,1,6
"10149bc303d09c40beb81f2a47a4d374",1411180,"Laboratório de Programação I",2016,1,9.1
"c87f2c740d6e68c90fdc5ca3aa70b286",1109035,"Álgebra Vetorial e Geometria Analítica",2016,1,7.8
"c87f2c740d6e68c90fdc5ca3aa70b286",1109103,"Cálculo Diferencial e Integral I",2016,1,8.6
"c87f2c740d6e68c90fdc5ca3aa70b286",1411174,"Introdução à Computação",2016,1,8.5
"0574a9438f1ced3edbefe0abc119183b",1109103,"Cálculo Diferencial e Integral I",2016,1,9
"0574a9438f1ced3edbefe0abc119183b",1109035,"Álgebra Vetorial e Geometria Analítica",2016,1,8.1
"4fff9013eb5f0c13c0ee43a797ba6efa",1109035,"Álgebra Vetorial e Geometria Analítica",2016,1,8.7
"4fff9013eb5f0c13c0ee43a797ba6efa",1109103,"Cálculo Diferencial e Integral I",2016,1,10
"4fff9013eb5f0c13c0ee43a797ba6efa",1411174,"Introdução à Computação",2016,1,9.8
"4fff9013eb5f0c13c0ee43a797ba6efa",1411180,"Laboratório de Programação I",2016,1,9.7
"5e53132523ce61a0135d38fd1205482e",1109035,"Álgebra Vetorial e Geometria Analítica",2016,1,NA
"5e53132523ce61a0135d38fd1205482e",1109103,"Cálculo Diferencial e Integral I",2016,1,NA
"5e53132523ce61a0135d38fd1205482e",1411174,"Introdução à Computação",2016,1,NA
"5e53132523ce61a0135d38fd1205482e",1411180,"Laboratório de Programação I",2016,1,NA
"d93cfdc48be6eee0784d0e3eaea5cc6b",1109035,"Álgebra Vetorial e Geometria Analítica",2016,1,5.2
"d93cfdc48be6eee0784d0e3eaea5cc6b",1109103,"Cálculo Diferencial e Integral I",2016,1,2.9
"b8327173cfd1336fd6deec7ac29f13bc",1109103,"Cálculo Diferencial e Integral I",2016,1,0.2
"b8327173cfd1336fd6deec7ac29f13bc",1411167,"Programação I",2016,1,8.3
"b8327173cfd1336fd6deec7ac29f13bc",1411174,"Introdução à Computação",2016,1,5.4
"2e3e38f8f0c490399e0d6868adab5211",1109103,"Cálculo Diferencial e Integral I",2016,1,6.7
"2e3e38f8f0c490399e0d6868adab5211",1411167,"Programação I",2016,1,7.9
"2e3e38f8f0c490399e0d6868adab5211",1411174,"Introdução à Computação",2016,1,7.3
"2e3e38f8f0c490399e0d6868adab5211",1411180,"Laboratório de Programação I",2016,1,7.9
"2e3e38f8f0c490399e0d6868adab5211",1109035,"Álgebra Vetorial e Geometria Analítica",2016,1,5.6
"f09c1ffe6024b51e346bbb26dd2828e0",1109035,"Álgebra Vetorial e Geometria Analítica",2016,1,5.2
"f09c1ffe6024b51e346bbb26dd2828e0",1307151,"Leitura e Produção de Textos",2016,1,7.2
"f09c1ffe6024b51e346bbb26dd2828e0",1411167,"Programação I",2016,1,7
"f09c1ffe6024b51e346bbb26dd2828e0",1411174,"Introdução à Computação",2016,1,7.5
"f09c1ffe6024b51e346bbb26dd2828e0",1411180,"Laboratório de Programação I",2016,1,7.4
"f09c1ffe6024b51e346bbb26dd2828e0",1109103,"Cálculo Diferencial e Integral I",2016,1,5.5
"c026d4fcc1b4dac5b6aed20646523397",1109035,"Álgebra Vetorial e Geometria Analítica",2016,1,NA
"c026d4fcc1b4dac5b6aed20646523397",1109103,"Cálculo Diferencial e Integral I",2016,1,3.1
"c026d4fcc1b4dac5b6aed20646523397",1307151,"Leitura e Produção de Textos",2016,1,NA
"c026d4fcc1b4dac5b6aed20646523397",1411167,"Programação I",2016,1,3.9
"c026d4fcc1b4dac5b6aed20646523397",1411174,"Introdução à Computação",2016,1,NA
"c026d4fcc1b4dac5b6aed20646523397",1411180,"Laboratório de Programação I",2016,1,NA
"f7c534cfa381955da4d3f348890671bf",1109035,"Álgebra Vetorial e Geometria Analítica",2016,1,NA
"f7c534cfa381955da4d3f348890671bf",1109103,"Cálculo Diferencial e Integral I",2016,1,7.6
"f7c534cfa381955da4d3f348890671bf",1307151,"Leitura e Produção de Textos",2016,1,8.7
"f7c534cfa381955da4d3f348890671bf",1411174,"Introdução à Computação",2016,1,7
"d6dec77ca6768040999bf54304cc4d11",1109035,"Álgebra Vetorial e Geometria Analítica",2016,1,NA
"d6dec77ca6768040999bf54304cc4d11",1109103,"Cálculo Diferencial e Integral I",2016,1,2.8
"d6dec77ca6768040999bf54304cc4d11",1307151,"Leitura e Produção de Textos",2016,1,9.2
"d6dec77ca6768040999bf54304cc4d11",1411167,"Programação I",2016,1,5.1
"d6dec77ca6768040999bf54304cc4d11",1411174,"Introdução à Computação",2016,1,6
"d6dec77ca6768040999bf54304cc4d11",1411180,"Laboratório de Programação I",2016,1,5.1
"05700dfed010f75cc4c77d972f12554b",1109103,"Cálculo Diferencial e Integral I",2016,1,NA
"05700dfed010f75cc4c77d972f12554b",1411180,"Laboratório de Programação I",2016,1,NA
"43ff907e2b9e14e035d06cb81a244e4b",1109035,"Álgebra Vetorial e Geometria Analítica",2016,1,NA
"43ff907e2b9e14e035d06cb81a244e4b",1109103,"Cálculo Diferencial e Integral I",2016,1,NA
"f6dee580b04d9fa2444ba38bdd4191fb",1411180,"Laboratório de Programação I",2016,1,9.2
"9aa8898b26ab91eb44630efd76957aab",1411180,"Laboratório de Programação I",2016,1,3.4
"d71fb2fabf4dd856f3b801f91b6e7b7c",1411180,"Laboratório de Programação I",2016,1,9.1
"d44298e502ccea7844576b5116c0d22b",1411180,"Laboratório de Programação I",2016,1,2.8
"cac59a06ab4da2b67c53701a7e8e72cc",1411180,"Laboratório de Programação I",2016,1,9.1
"95b7657cf83af71538a27cec0fe7aae1",1411180,"Laboratório de Programação I",2016,1,7.2
"0a4c7d73f0c3a76dc958ec92398672c0",1411180,"Laboratório de Programação I",2016,1,5.1
"f7c534cfa381955da4d3f348890671bf",1411180,"Laboratório de Programação I",2016,1,7
"897b985ddb748d1272a87ea7b9579de6",1411180,"Laboratório de Programação I",2016,1,9.6
"f9770db3c02865f627652bcfd473bbca",1411180,"Laboratório de Programação I",2016,1,9.7
"d38c55d6d956d6ad3e59c6151d9ae675",1411180,"Laboratório de Programação I",2016,1,3.3
"c87f2c740d6e68c90fdc5ca3aa70b286",1411167,"Programação I",2016,1,9.2
"f7c534cfa381955da4d3f348890671bf",1411167,"Programação I",2016,1,7.1
"2de2953c96776c5ee0cecea28695900e",1411167,"Programação I",2016,1,9.1
"be3d7396147ecf6ba7c37cc1fffb68e6",1411167,"Programação I",2016,1,7.3
"4fff9013eb5f0c13c0ee43a797ba6efa",1411167,"Programação I",2016,1,9.7
"7003af7ab17f31c58114e7bd00c5f83f",1411167,"Programação I",2016,1,9.3
"a5564c9bc241f625b4bd3934d49bb1ba",1411180,"Laboratório de Programação I",2016,1,NA
"1a807001a5d2fdf97f4cc612d8f7842d",1411180,"Laboratório de Programação I",2016,1,NA
"73bc401e5a64483212fbbb144417b729",1411180,"Laboratório de Programação I",2016,1,9
"b8327173cfd1336fd6deec7ac29f13bc",1411180,"Laboratório de Programação I",2016,1,8.3
"d38c55d6d956d6ad3e59c6151d9ae675",1109035,"Álgebra Vetorial e Geometria Analítica",2016,1,0
"d44298e502ccea7844576b5116c0d22b",1109035,"Álgebra Vetorial e Geometria Analítica",2016,1,0.3
"b8327173cfd1336fd6deec7ac29f13bc",1109035,"Álgebra Vetorial e Geometria Analítica",2016,1,0.3
"e12a833c1c9e8b1e3b157893bb395779",1109035,"Álgebra Vetorial e Geometria Analítica",2016,1,8.5
"3a31536d55172974132b606b31430046",1411180,"Laboratório de Programação I",2016,1,8.7
"3a31536d55172974132b606b31430046",1109103,"Cálculo Diferencial e Integral I",2016,1,7.5
"c87f2c740d6e68c90fdc5ca3aa70b286",1411180,"Laboratório de Programação I",2016,1,9.2
"897b985ddb748d1272a87ea7b9579de6",1411167,"Programação I",2016,1,9.6
"2cfdd451464e47be9ff88052b5a2170d",1411167,"Programação I",2016,1,6.5
"be2aa86679aba15822f7d7518cee1cbe",1411167,"Programação I",2016,1,5.8
"f9770db3c02865f627652bcfd473bbca",1411167,"Programação I",2016,1,9.7
"5e53132523ce61a0135d38fd1205482e",1411167,"Programação I",2016,1,NA
"39a034810d6732974c743d67b935debe",1411167,"Programação I",2016,1,8.9
"6d77b09bab450c6c6785befc04e0c21f",1411167,"Programação I",2016,1,2.9
